"0",""
"0","the_census <- read_csv(file=""./data/1840-census-data.csv"")[ , c(""QualifyingAreaName"", ""Newspapers"", ""Newspapers_Daily"", ""Newspapers_Weekly"", ""Newspapers_SemiTriWeekly"", ""Periodicals"", ""PrintingOffices"")]"
"2","[1mRows: [22m[34m1285[39m [1mColumns: [22m[34m111[39m"
"2","[36m──[39m [1mColumn specification[22m [36m──────────────────────────────────────────────────────[39m
[1mDelimiter:[22m "",""
[31mchr[39m   (1): QualifyingAreaName
[32mdbl[39m (110): FIPS, FIPS_adj, FIPS_org, TotalPopulation, Male, Female, WhiteP..."
"2","
[36mℹ[39m Use `spec()` to retrieve the full column specification for this data.
[36mℹ[39m Specify the column types or set `show_col_types = FALSE` to quiet this message."
