{"chunk_definitions":[{"row":26,"row_count":1,"visible":true,"expansion_state":0,"options":{"engine":"r","label":"unnamed-chunk-1"},"document_id":"EB1E7701","chunk_id":"cq3guhogk5oha","chunk_label":"unnamed-chunk-1"},{"row":65,"row_count":1,"visible":true,"expansion_state":0,"options":{"engine":"r","label":"unnamed-chunk-3"},"document_id":"EB1E7701","chunk_id":"cutz3wgbs6opu","chunk_label":"unnamed-chunk-4"},{"row":77,"row_count":1,"visible":true,"expansion_state":0,"options":{"engine":"r","label":"unnamed-chunk-22"},"document_id":"EB1E7701","chunk_id":"cys9iueh02siu","chunk_label":"unnamed-chunk-5"},{"row":83,"row_count":1,"visible":true,"expansion_state":0,"options":{"engine":"r","label":"unnamed-chunk-7"},"document_id":"EB1E7701","chunk_id":"civuk5e7chejd","chunk_label":"unnamed-chunk-6"},{"row":89,"row_count":1,"visible":true,"expansion_state":0,"options":{"engine":"r","label":"unnamed-chunk-8"},"document_id":"EB1E7701","chunk_id":"c834v1m56rtg3","chunk_label":"unnamed-chunk-7"},{"row":96,"row_count":1,"visible":true,"expansion_state":0,"options":{"engine":"r","label":"unnamed-chunk-9"},"document_id":"EB1E7701","chunk_id":"c97hc8sczgba3","chunk_label":"unnamed-chunk-8"},{"row":104,"row_count":1,"visible":true,"expansion_state":0,"options":{"engine":"r","label":"unnamed-chunk-10"},"document_id":"EB1E7701","chunk_id":"cfje8xc4ihxj5","chunk_label":"unnamed-chunk-9"},{"row":121,"row_count":1,"visible":true,"expansion_state":0,"options":{"engine":"r","label":"unnamed-chunk-11"},"document_id":"EB1E7701","chunk_id":"cuv1ns48ip27p","chunk_label":"unnamed-chunk-10"},{"row":129,"row_count":1,"visible":true,"expansion_state":0,"options":{"engine":"r","label":"unnamed-chunk-21"},"document_id":"EB1E7701","chunk_id":"c6df6za0qwzvf","chunk_label":"unnamed-chunk-11"},{"row":136,"row_count":1,"visible":true,"expansion_state":0,"options":{"engine":"r","label":"unnamed-chunk-20"},"document_id":"EB1E7701","chunk_id":"citw7iqx7qeqn","chunk_label":"unnamed-chunk-12"},{"row":146,"row_count":1,"visible":true,"expansion_state":0,"options":{"engine":"r","label":"unnamed-chunk-24"},"document_id":"EB1E7701","chunk_id":"czq75dpdlpar5","chunk_label":"unnamed-chunk-13"},{"row":151,"row_count":1,"visible":true,"expansion_state":0,"options":{"engine":"r","label":"unnamed-chunk-27"},"document_id":"EB1E7701","chunk_id":"czfcb71mczwu5","chunk_label":"unnamed-chunk-14"}],"doc_write_time":1676581160}